{
  "manifest": {
    "publishingInformation": {
      "locales": {
        "fr-FR": {
          "summary": "Description courte",
          "examplePhrases": [
            "Alexa ouvre démo programmez",
            "bonjour",
            "aide"
          ],
          "name": "skill-sample-nodejs-hello-world",
          "description": "Description longue"
        }
      },
      "isAvailableWorldwide": true,
      "testingInstructions": "Sample Testing Instructions.",
      "category": "KNOWLEDGE_AND_TRIVIA",
      "distributionCountries": []
    },
    "apis": {
      "custom": {
        "endpoint": {
          "sourceDir": "lambda/custom",
          "uri": "ask-custom-skill-sample-nodejs-hello-world-default"
        }
      }
    },
    "manifestVersion": "1.0"
  }
}
