{
  "interactionModel": {
    "languageModel": {
      "invocationName": "démo programmer",
      "intents": [{
          "name": "AMAZON.CancelIntent",
          "samples": []
        },
        {
          "name": "AMAZON.HelpIntent",
          "samples": []
        },
        {
          "name": "AMAZON.StopIntent",
          "samples": []
        },
        {
          "name": "HelloWorldIntent",
          "samples": [
            "bonjour"
          ]
        },
        {
          "name": "MyNameIsIntent",
          "slots": [{
            "name": "first_name",
            "type": "AMAZON.FirstName"
          }],
          "samples": [
            "c'est {first_name}",
            "{first_name}",
            "je m'appelle {first_name}"
          ]
        }
      ]
    }
  }
}